REGION,PROVINCIA,CUT,NOMBRE,PERSONAS,URBANO,RURAL,CLASIFICACION
VALPARAISO,SAN ANTONIO,5602,ALGARROBO,16076,12681,3395,Mixta
METROPOLITANA DE SANTIAGO,MELIPILLA,13502,ALHUE,7768,3356,4412,Rural
BIOBIO,BIOBIO,8314,ALTO BIOBIO,6016,0,6016,Rural
ATACAMA,HUASCO,3302,ALTO DEL CARMEN,4788,0,4788,Rural
TARAPACA,IQUIQUE,1107,ALTO HOSPICIO,142086,138820,3266,Urbana
LOS LAGOS,CHILOE,10202,ANCUD,40949,29684,11265,Mixta
COQUIMBO,ELQUI,4103,ANDACOLLO,11566,10481,1085,Rural
LA ARAUCANIA,MALLECO,9201,ANGOL,53022,48691,4331,Urbana
MAGALLANES Y DE LA ANTARTICA CHILENA,ANTARTICA CHILENA,12202,ANTARTICA,138,0,138,Rural
ANTOFAGASTA,ANTOFAGASTA,2101,ANTOFAGASTA,401096,392485,8611,Urbana
BIOBIO,BIOBIO,8302,ANTUCO,4373,2230,2143,Rural
BIOBIO,ARAUCO,8202,ARAUCO,37163,28003,9160,Rural
ARICA Y PARINACOTA,ARICA,15101,ARICA,241653,223875,17778,Urbana
AYSEN DEL GENERAL CARLOS IBAÑEZ DEL CAMPO,AYSEN,11201,AYSEN,23170,19639,3531,Rural
METROPOLITANA DE SANTIAGO,MAIPO,13402,BUIN,116969,100379,16590,Urbana
ÑUBLE,DIGUILLIN,16102,BULNES,23863,14979,8884,Rural
VALPARAISO,PETORCA,5402,CABILDO,20015,12567,7448,Mixta
MAGALLANES Y DE LA ANTARTICA CHILENA,ANTARTICA CHILENA,12201,CABO DE HORNOS,1750,1590,160,Rural
BIOBIO,BIOBIO,8303,CABRERO,31256,23589,7667,Mixta
ANTOFAGASTA,EL LOA,2201,CALAMA,166334,159064,7270,Urbana
LOS LAGOS,LLANQUIHUE,10102,CALBUCO,36474,17168,19306,Mixta
ATACAMA,COPIAPO,3102,CALDERA,18805,16796,2009,Rural
VALPARAISO,QUILLOTA,5502,CALERA,50631,48742,1889,Urbana
METROPOLITANA DE SANTIAGO,MAIPO,13403,CALERA DE TANGO,25491,11590,13901,Mixta
VALPARAISO,LOS ANDES,5302,CALLE LARGA,16597,11963,4634,Mixta
ARICA Y PARINACOTA,ARICA,15102,CAMARONES,861,0,861,Rural
TARAPACA,DEL TAMARUGAL,1402,CAMIÑA,1335,0,1335,Rural
COQUIMBO,CHOAPA,4202,CANELA,9639,2078,7561,Rural
BIOBIO,ARAUCO,8203,CAÑETE,34640,19552,15088,Rural
LA ARAUCANIA,CAUTIN,9102,CARAHUE,24957,13482,11475,Rural
VALPARAISO,SAN ANTONIO,5603,CARTAGENA,24599,22552,2047,Mixta
VALPARAISO,VALPARAISO,5102,CASABLANCA,29876,20018,9858,Mixta
LOS LAGOS,CHILOE,10201,CASTRO,46997,36523,10474,Mixta
VALPARAISO,SAN FELIPE DE ACONCAGUA,5702,CATEMU,13760,7680,6080,Rural
MAULE,CAUQUENES,7201,CAUQUENES,42798,35044,7754,Rural
METROPOLITANA DE SANTIAGO,SANTIAGO,13102,CERRILLOS,85041,85041,0,Urbana
METROPOLITANA DE SANTIAGO,SANTIAGO,13103,CERRO NAVIA,127250,127250,0,Urbana
LOS LAGOS,PALENA,10401,CHAITEN,4025,1304,2721,Rural
MAULE,CAUQUENES,7202,CHANCO,9446,4148,5298,Rural
ATACAMA,CHAÑARAL,3201,CHAÑARAL,12345,11197,1148,Rural
LIBERTADOR GENERAL BERNARDO O'HIGGINS,COLCHAGUA,6302,CHEPICA,15668,9009,6659,Mixta
BIOBIO,CONCEPCION,8103,CHIGUAYANTE,85822,85747,75,Urbana
AYSEN DEL GENERAL CARLOS IBAÑEZ DEL CAMPO,GENERAL CARRERA,11401,CHILE CHICO,4905,3188,1717,Rural
ÑUBLE,DIGUILLIN,16101,CHILLAN,190382,173798,16584,Urbana
ÑUBLE,DIGUILLIN,16103,CHILLAN VIEJO,32688,28988,3700,Mixta
LIBERTADOR GENERAL BERNARDO O'HIGGINS,COLCHAGUA,6303,CHIMBARONGO,37258,21562,15696,Rural
LA ARAUCANIA,CAUTIN,9121,CHOLCHOL,13167,4940,8227,Rural
LOS LAGOS,CHILOE,10203,CHONCHI,16078,6183,9895,Rural
AYSEN DEL GENERAL CARLOS IBAÑEZ DEL CAMPO,AYSEN,11202,CISNES,5137,3243,1894,Rural
ÑUBLE,ITATA,16202,COBQUECURA,5495,1593,3902,Rural
LOS LAGOS,LLANQUIHUE,10103,COCHAMO,4199,0,4199,Rural
AYSEN DEL GENERAL CARLOS IBAÑEZ DEL CAMPO,CAPITAN PRAT,11301,COCHRANE,3458,2815,643,Rural
LIBERTADOR GENERAL BERNARDO O'HIGGINS,CACHAPOAL,6102,CODEGUA,13955,7542,6413,Mixta
ÑUBLE,ITATA,16203,COELEMU,15895,11364,4531,Rural
ÑUBLE,PUNILLA,16302,COIHUECO,29766,10074,19692,Rural
LIBERTADOR GENERAL BERNARDO O'HIGGINS,CACHAPOAL,6103,COINCO,7916,3683,4233,Rural
MAULE,LINARES,7402,COLBUN,22637,9868,12769,Rural
TARAPACA,DEL TAMARUGAL,1403,COLCHANE,790,0,790,Rural
METROPOLITANA DE SANTIAGO,CHACABUCO,13301,COLINA,173293,139882,33411,Urbana
LA ARAUCANIA,MALLECO,9202,COLLIPULLI,24303,18119,6184,Rural
LIBERTADOR GENERAL BERNARDO O'HIGGINS,CACHAPOAL,6104,COLTAUCO,21373,12227,9146,Mixta
COQUIMBO,LIMARI,4302,COMBARBALA,12954,5832,7122,Rural
BIOBIO,CONCEPCION,8101,CONCEPCION,230375,225721,4654,Urbana
METROPOLITANA DE SANTIAGO,SANTIAGO,13104,CONCHALI,121587,121587,0,Urbana
VALPARAISO,VALPARAISO,5103,CONCON,48294,45151,3143,Mixta
MAULE,TALCA,7102,CONSTITUCION,47004,38030,8974,Mixta
BIOBIO,ARAUCO,8204,CONTULMO,5905,2997,2908,Rural
ATACAMA,COPIAPO,3101,COPIAPO,168831,165568,3263,Urbana
COQUIMBO,ELQUI,4102,COQUIMBO,263719,248456,15263,Urbana
BIOBIO,CONCEPCION,8102,CORONEL,123648,120257,3391,Urbana
LOS RIOS,VALDIVIA,14102,CORRAL,5501,3612,1889,Rural
AYSEN DEL GENERAL CARLOS IBAÑEZ DEL CAMPO,COYHAIQUE,11101,COYHAIQUE,57823,49972,7851,Urbana
LA ARAUCANIA,CAUTIN,9103,CUNCO,19177,9680,9497,Rural
LA ARAUCANIA,MALLECO,9203,CURACAUTIN,18536,13666,4870,Mixta
METROPOLITANA DE SANTIAGO,MELIPILLA,13503,CURACAVI,35165,21976,13189,Mixta
LOS LAGOS,CHILOE,10204,CURACO DE VELEZ,3662,1058,2604,Rural
BIOBIO,ARAUCO,8205,CURANILAHUE,31119,29082,2037,Mixta
LA ARAUCANIA,CAUTIN,9104,CURARREHUE,7733,2350,5383,Rural
MAULE,TALCA,7103,CUREPTO,9519,3414,6105,Rural
MAULE,CURICO,7301,CURICO,159968,142198,17770,Urbana
LOS LAGOS,CHILOE,10205,DALCAHUE,14894,7792,7102,Rural
ATACAMA,CHAÑARAL,3202,DIEGO DE ALMAGRO,11397,10849,548,Rural
LIBERTADOR GENERAL BERNARDO O'HIGGINS,CACHAPOAL,6105,DOÑIHUE,21925,17240,4685,Mixta
METROPOLITANA DE SANTIAGO,SANTIAGO,13105,EL BOSQUE,155257,155257,0,Urbana
ÑUBLE,DIGUILLIN,16104,EL CARMEN,13186,5322,7864,Rural
METROPOLITANA DE SANTIAGO,TALAGANTE,13602,EL MONTE,37497,31361,6136,Mixta
VALPARAISO,SAN ANTONIO,5604,EL QUISCO,18971,17677,1294,Mixta
VALPARAISO,SAN ANTONIO,5605,EL TABO,16260,15439,821,Mixta
MAULE,TALCA,7104,EMPEDRADO,3990,2898,1092,Rural
LA ARAUCANIA,MALLECO,9204,ERCILLA,7730,3639,4091,Rural
METROPOLITANA DE SANTIAGO,SANTIAGO,13106,ESTACION CENTRAL,181049,181049,0,Urbana
BIOBIO,CONCEPCION,8104,FLORIDA,12958,5562,7396,Rural
LA ARAUCANIA,CAUTIN,9105,FREIRE,26164,8385,17779,Rural
ATACAMA,HUASCO,3303,FREIRINA,7577,4938,2639,Rural
LOS LAGOS,LLANQUIHUE,10104,FRESIA,12320,7366,4954,Rural
LOS LAGOS,LLANQUIHUE,10105,FRUTILLAR,22554,15852,6702,Rural
LOS LAGOS,PALENA,10402,FUTALEUFU,3062,2169,893,Rural
LOS RIOS,RANCO,14202,FUTRONO,15635,8724,6911,Rural
LA ARAUCANIA,CAUTIN,9106,GALVARINO,12710,4396,8314,Rural
ARICA Y PARINACOTA,PARINACOTA,15202,GENERAL LAGOS,508,0,508,Rural
LA ARAUCANIA,CAUTIN,9107,GORBEA,14148,9973,4175,Rural
LIBERTADOR GENERAL BERNARDO O'HIGGINS,CACHAPOAL,6106,GRANEROS,35938,32052,3886,Mixta
AYSEN DEL GENERAL CARLOS IBAÑEZ DEL CAMPO,AYSEN,11203,GUAITECAS,1598,1478,120,Rural
VALPARAISO,QUILLOTA,5503,HIJUELAS,19286,12582,6704,Mixta
LOS LAGOS,PALENA,10403,HUALAIHUE,9480,3859,5621,Rural
MAULE,CURICO,7302,HUALAÑE,10775,6408,4367,Rural
BIOBIO,CONCEPCION,8112,HUALPEN,87731,86978,753,Urbana
BIOBIO,CONCEPCION,8105,HUALQUI,25795,22144,3651,Mixta
TARAPACA,DEL TAMARUGAL,1404,HUARA,2858,1161,1697,Rural
ATACAMA,HUASCO,3304,HUASCO,9369,8218,1151,Rural
METROPOLITANA DE SANTIAGO,SANTIAGO,13107,HUECHURABA,101808,101706,102,Urbana
COQUIMBO,CHOAPA,4201,ILLAPEL,32009,21844,10165,Rural
METROPOLITANA DE SANTIAGO,SANTIAGO,13108,INDEPENDENCIA,116943,116943,0,Urbana
TARAPACA,IQUIQUE,1101,IQUIQUE,199587,197082,2505,Urbana
METROPOLITANA DE SANTIAGO,TALAGANTE,13603,ISLA DE MAIPO,39274,29213,10061,Mixta
VALPARAISO,ISLA DE PASCUA,5201,ISLA DE PASCUA,4800,4535,265,Rural
VALPARAISO,VALPARAISO,5104,JUAN FERNANDEZ,904,0,904,Rural
METROPOLITANA DE SANTIAGO,SANTIAGO,13109,LA CISTERNA,103157,103157,0,Urbana
VALPARAISO,QUILLOTA,5504,LA CRUZ,24939,21953,2986,Mixta
LIBERTADOR GENERAL BERNARDO O'HIGGINS,CARDENAL CARO,6202,LA ESTRELLA,4609,1717,2892,Rural
METROPOLITANA DE SANTIAGO,SANTIAGO,13110,LA FLORIDA,374836,374716,120,Urbana
METROPOLITANA DE SANTIAGO,SANTIAGO,13111,LA GRANJA,112022,112022,0,Urbana
COQUIMBO,ELQUI,4104,LA HIGUERA,4335,1322,3013,Rural
VALPARAISO,PETORCA,5401,LA LIGUA,39270,28861,10409,Mixta
METROPOLITANA DE SANTIAGO,SANTIAGO,13112,LA PINTANA,175421,175421,0,Urbana
METROPOLITANA DE SANTIAGO,SANTIAGO,13113,LA REINA,89870,89870,0,Urbana
COQUIMBO,ELQUI,4101,LA SERENA,250141,227041,23100,Urbana
LOS RIOS,RANCO,14201,LA UNION,38907,27273,11634,Rural
LOS RIOS,RANCO,14203,LAGO RANCO,10527,2414,8113,Rural
AYSEN DEL GENERAL CARLOS IBAÑEZ DEL CAMPO,COYHAIQUE,11102,LAGO VERDE,779,0,779,Rural
MAGALLANES Y DE LA ANTARTICA CHILENA,MAGALLANES,12102,LAGUNA BLANCA,269,0,269,Rural
BIOBIO,BIOBIO,8304,LAJA,23706,17176,6530,Mixta
METROPOLITANA DE SANTIAGO,CHACABUCO,13302,LAMPA,145160,114896,30264,Urbana
LOS RIOS,VALDIVIA,14103,LANCO,16876,11693,5183,Mixta
LIBERTADOR GENERAL BERNARDO O'HIGGINS,CACHAPOAL,6107,LAS CABRAS,27554,10711,16843,Rural
METROPOLITANA DE SANTIAGO,SANTIAGO,13114,LAS CONDES,296134,296134,0,Urbana
LA ARAUCANIA,CAUTIN,9108,LAUTARO,41936,30141,11795,Mixta
BIOBIO,ARAUCO,8201,LEBU,25246,23223,2023,Mixta
MAULE,CURICO,7303,LICANTEN,6892,5143,1749,Rural
VALPARAISO,MARGA MARGA,5802,LIMACHE,56145,47682,8463,Mixta
MAULE,LINARES,7401,LINARES,96744,80279,16465,Urbana
LIBERTADOR GENERAL BERNARDO O'HIGGINS,CARDENAL CARO,6203,LITUECHE,8852,4737,4115,Rural
VALPARAISO,SAN FELIPE DE ACONCAGUA,5703,LLAILLAY,25484,18612,6872,Mixta
LOS LAGOS,LLANQUIHUE,10107,LLANQUIHUE,18088,14624,3464,Rural
METROPOLITANA DE SANTIAGO,SANTIAGO,13115,LO BARNECHEA,112620,109748,2872,Urbana
METROPOLITANA DE SANTIAGO,SANTIAGO,13116,LO ESPEJO,87295,87295,0,Urbana
METROPOLITANA DE SANTIAGO,SANTIAGO,13117,LO PRADO,91290,91290,0,Urbana
LIBERTADOR GENERAL BERNARDO O'HIGGINS,COLCHAGUA,6304,LOLOL,7791,2778,5013,Rural
LA ARAUCANIA,CAUTIN,9109,LONCOCHE,25158,17678,7480,Mixta
MAULE,LINARES,7403,LONGAVI,33299,10084,23215,Rural
LA ARAUCANIA,MALLECO,9205,LONQUIMAY,10247,3786,6461,Rural
BIOBIO,ARAUCO,8206,LOS ALAMOS,21950,19541,2409,Rural
VALPARAISO,LOS ANDES,5301,LOS ANDES,63440,58028,5412,Urbana
BIOBIO,BIOBIO,8301,LOS ANGELES,219441,163864,55577,Urbana
LOS RIOS,VALDIVIA,14104,LOS LAGOS,21431,10695,10736,Rural
LOS LAGOS,LLANQUIHUE,10106,LOS MUERMOS,17162,8151,9011,Rural
LA ARAUCANIA,MALLECO,9206,LOS SAUCES,7348,4468,2880,Rural
COQUIMBO,CHOAPA,4203,LOS VILOS,22879,18291,4588,Rural
BIOBIO,CONCEPCION,8106,LOTA,39980,39881,99,Mixta
LA ARAUCANIA,MALLECO,9207,LUMACO,9253,3908,5345,Rural
LIBERTADOR GENERAL BERNARDO O'HIGGINS,CACHAPOAL,6108,MACHALI,60875,59714,1161,Urbana
METROPOLITANA DE SANTIAGO,SANTIAGO,13118,MACUL,123800,123800,0,Urbana
LOS RIOS,VALDIVIA,14105,MAFIL,8074,4828,3246,Mixta
METROPOLITANA DE SANTIAGO,SANTIAGO,13119,MAIPU,503635,500320,3315,Urbana
LIBERTADOR GENERAL BERNARDO O'HIGGINS,CACHAPOAL,6109,MALLOA,13882,5651,8231,Rural
LIBERTADOR GENERAL BERNARDO O'HIGGINS,CARDENAL CARO,6204,MARCHIGUE,8715,3960,4755,Rural
ANTOFAGASTA,TOCOPILLA,2302,MARIA ELENA,4834,3687,1147,Rural
METROPOLITANA DE SANTIAGO,MELIPILLA,13504,MARIA PINTO,15352,7531,7821,Rural
LOS RIOS,VALDIVIA,14106,MARIQUINA,22973,10752,12221,Rural
MAULE,TALCA,7105,MAULE,61081,47707,13374,Urbana
LOS LAGOS,LLANQUIHUE,10108,MAULLIN,15063,7021,8042,Rural
ANTOFAGASTA,ANTOFAGASTA,2102,MEJILLONES,14084,13547,537,Rural
LA ARAUCANIA,CAUTIN,9110,MELIPEUCO,6796,3108,3688,Rural
METROPOLITANA DE SANTIAGO,MELIPILLA,13501,MELIPILLA,136325,93426,42899,Urbana
MAULE,CURICO,7304,MOLINA,48949,39731,9218,Mixta
COQUIMBO,LIMARI,4303,MONTE PATRIA,29997,14962,15035,Rural
LIBERTADOR GENERAL BERNARDO O'HIGGINS,CACHAPOAL,6110,MOSTAZAL,27394,22650,4744,Mixta
BIOBIO,BIOBIO,8305,MULCHEN,29036,23667,5369,Mixta
BIOBIO,BIOBIO,8306,NACIMIENTO,26140,22878,3262,Mixta
LIBERTADOR GENERAL BERNARDO O'HIGGINS,COLCHAGUA,6305,NANCAGUA,18723,11906,6817,Mixta
MAGALLANES Y DE LA ANTARTICA CHILENA,ULTIMA ESPERANZA,12401,NATALES,24152,21569,2583,Rural
LIBERTADOR GENERAL BERNARDO O'HIGGINS,CARDENAL CARO,6205,NAVIDAD,8885,0,8885,Rural
BIOBIO,BIOBIO,8307,NEGRETE,10723,6668,4055,Rural
ÑUBLE,ITATA,16204,NINHUE,5763,1657,4106,Rural
VALPARAISO,QUILLOTA,5506,NOGALES,22136,18793,3343,Rural
LA ARAUCANIA,CAUTIN,9111,NUEVA IMPERIAL,33988,19739,14249,Mixta
ÑUBLE,PUNILLA,16303,ÑIQUEN,12797,1323,11474,Rural
METROPOLITANA DE SANTIAGO,SANTIAGO,13120,ÑUÑOA,241467,241467,0,Urbana
AYSEN DEL GENERAL CARLOS IBAÑEZ DEL CAMPO,CAPITAN PRAT,11302,O’HIGGINS,647,0,647,Rural
LIBERTADOR GENERAL BERNARDO O'HIGGINS,CACHAPOAL,6111,OLIVAR,13901,9488,4413,Mixta
ANTOFAGASTA,EL LOA,2202,OLLAGUE,256,0,256,Rural
VALPARAISO,MARGA MARGA,5803,OLMUE,19778,13862,5916,Mixta
LOS LAGOS,OSORNO,10301,OSORNO,166455,152399,14056,Urbana
COQUIMBO,LIMARI,4301,OVALLE,118696,93380,25316,Urbana
METROPOLITANA DE SANTIAGO,TALAGANTE,13604,PADRE HURTADO,81243,71581,9662,Urbana
LA ARAUCANIA,CAUTIN,9112,PADRE LAS CASAS,80656,48147,32509,Mixta
COQUIMBO,ELQUI,4105,PAIGUANO,4649,0,4649,Rural
LOS RIOS,VALDIVIA,14107,PAILLACO,19802,12214,7588,Rural
METROPOLITANA DE SANTIAGO,MAIPO,13404,PAINE,78828,50653,28175,Mixta
LOS LAGOS,PALENA,10404,PALENA,1903,1196,707,Rural
LIBERTADOR GENERAL BERNARDO O'HIGGINS,COLCHAGUA,6306,PALMILLA,13060,3624,9436,Rural
LOS RIOS,VALDIVIA,14108,PANGUIPULLI,35098,15520,19578,Rural
VALPARAISO,SAN FELIPE DE ACONCAGUA,5704,PANQUEHUE,7269,3804,3465,Rural
VALPARAISO,PETORCA,5403,PAPUDO,7561,6440,1121,Rural
LIBERTADOR GENERAL BERNARDO O'HIGGINS,CARDENAL CARO,6206,PAREDONES,7228,2152,5076,Rural
MAULE,LINARES,7404,PARRAL,45323,33520,11803,Mixta
METROPOLITANA DE SANTIAGO,SANTIAGO,13121,PEDRO AGUIRRE CERDA,96062,96062,0,Urbana
MAULE,TALCA,7106,PELARCO,9229,2835,6394,Rural
MAULE,CAUQUENES,7203,PELLUHUE,8578,4624,3954,Rural
ÑUBLE,DIGUILLIN,16105,PEMUCO,8930,4406,4524,Rural
MAULE,TALCA,7107,PENCAHUE,9181,3828,5353,Rural
BIOBIO,CONCEPCION,8107,PENCO,48971,48488,483,Mixta
METROPOLITANA DE SANTIAGO,TALAGANTE,13605,PEÑAFLOR,94402,86933,7469,Urbana
METROPOLITANA DE SANTIAGO,SANTIAGO,13122,PEÑALOLEN,236478,236478,0,Urbana
LIBERTADOR GENERAL BERNARDO O'HIGGINS,COLCHAGUA,6307,PERALILLO,12493,7533,4960,Rural
LA ARAUCANIA,CAUTIN,9113,PERQUENCO,7438,3839,3599,Rural
VALPARAISO,PETORCA,5404,PETORCA,10206,4262,5944,Rural
LIBERTADOR GENERAL BERNARDO O'HIGGINS,CACHAPOAL,6112,PEUMO,14243,11941,2302,Mixta
TARAPACA,DEL TAMARUGAL,1405,PICA,6272,2639,3633,Rural
LIBERTADOR GENERAL BERNARDO O'HIGGINS,CACHAPOAL,6113,PICHIDEGUA,20363,9609,10754,Rural
LIBERTADOR GENERAL BERNARDO O'HIGGINS,CARDENAL CARO,6201,PICHILEMU,19847,15621,4226,Rural
ÑUBLE,DIGUILLIN,16106,PINTO,12502,6302,6200,Rural
METROPOLITANA DE SANTIAGO,CORDILLERA,13202,PIRQUE,29060,12787,16273,Rural
LA ARAUCANIA,CAUTIN,9114,PITRUFQUEN,27041,17998,9043,Mixta
LIBERTADOR GENERAL BERNARDO O'HIGGINS,COLCHAGUA,6308,PLACILLA,9438,2565,6873,Rural
ÑUBLE,ITATA,16205,PORTEZUELO,5203,1931,3272,Rural
MAGALLANES Y DE LA ANTARTICA CHILENA,TIERRA DEL FUEGO,12301,PORVENIR,6809,6069,740,Rural
TARAPACA,DEL TAMARUGAL,1401,POZO ALMONTE,16878,10845,6033,Rural
MAGALLANES Y DE LA ANTARTICA CHILENA,TIERRA DEL FUEGO,12302,PRIMAVERA,431,0,431,Rural
METROPOLITANA DE SANTIAGO,SANTIAGO,13123,PROVIDENCIA,143974,143974,0,Urbana
VALPARAISO,VALPARAISO,5105,PUCHUNCAVI,22539,19273,3266,Mixta
LA ARAUCANIA,CAUTIN,9115,PUCON,32321,20798,11523,Rural
METROPOLITANA DE SANTIAGO,SANTIAGO,13124,PUDAHUEL,227820,223710,4110,Urbana
METROPOLITANA DE SANTIAGO,CORDILLERA,13201,PUENTE ALTO,568086,568074,12,Urbana
LOS LAGOS,LLANQUIHUE,10101,PUERTO MONTT,277040,248019,29021,Urbana
LOS LAGOS,OSORNO,10302,PUERTO OCTAY,8865,2022,6843,Rural
LOS LAGOS,LLANQUIHUE,10109,PUERTO VARAS,52942,38253,14689,Mixta
LIBERTADOR GENERAL BERNARDO O'HIGGINS,COLCHAGUA,6309,PUMANQUE,4559,0,4559,Rural
COQUIMBO,LIMARI,4304,PUNITAQUI,12076,6446,5630,Rural
MAGALLANES Y DE LA ANTARTICA CHILENA,MAGALLANES,12101,PUNTA ARENAS,132363,126670,5693,Urbana
LOS LAGOS,CHILOE,10206,PUQUELDON,4048,0,4048,Rural
LA ARAUCANIA,MALLECO,9208,PUREN,12184,7792,4392,Rural
LOS LAGOS,OSORNO,10303,PURRANQUE,19542,13818,5724,Rural
VALPARAISO,SAN FELIPE DE ACONCAGUA,5705,PUTAENDO,17336,6968,10368,Rural
ARICA Y PARINACOTA,PARINACOTA,15201,PUTRE,1547,1204,343,Rural
LOS LAGOS,OSORNO,10304,PUYEHUE,11712,5017,6695,Rural
LOS LAGOS,CHILOE,10207,QUEILEN,5690,2455,3235,Rural
LOS LAGOS,CHILOE,10208,QUELLON,28460,18645,9815,Mixta
LOS LAGOS,CHILOE,10209,QUEMCHI,8409,2529,5880,Rural
BIOBIO,BIOBIO,8308,QUILACO,4440,2082,2358,Rural
METROPOLITANA DE SANTIAGO,SANTIAGO,13125,QUILICURA,205624,205085,539,Urbana
BIOBIO,BIOBIO,8309,QUILLECO,9700,5652,4048,Rural
ÑUBLE,DIGUILLIN,16107,QUILLON,19165,11424,7741,Mixta
VALPARAISO,QUILLOTA,5501,QUILLOTA,96753,83727,13026,Urbana
VALPARAISO,MARGA MARGA,5801,QUILPUE,162559,160296,2263,Urbana
LOS LAGOS,CHILOE,10210,QUINCHAO,7678,3046,4632,Rural
LIBERTADOR GENERAL BERNARDO O'HIGGINS,CACHAPOAL,6114,QUINTA DE TILCOCO,13558,7589,5969,Mixta
METROPOLITANA DE SANTIAGO,SANTIAGO,13126,QUINTA NORMAL,129351,129351,0,Urbana
VALPARAISO,VALPARAISO,5107,QUINTERO,35754,30110,5644,Mixta
ÑUBLE,ITATA,16201,QUIRIHUE,11746,9597,2149,Mixta
LIBERTADOR GENERAL BERNARDO O'HIGGINS,CACHAPOAL,6101,RANCAGUA,257744,249652,8092,Urbana
ÑUBLE,ITATA,16206,RANQUIL,6508,1795,4713,Rural
MAULE,CURICO,7305,RAUCO,11266,5944,5322,Rural
METROPOLITANA DE SANTIAGO,SANTIAGO,13127,RECOLETA,154615,154615,0,Urbana
LA ARAUCANIA,MALLECO,9209,RENAICO,10686,8707,1979,Mixta
METROPOLITANA DE SANTIAGO,SANTIAGO,13128,RENCA,143622,143622,0,Urbana
LIBERTADOR GENERAL BERNARDO O'HIGGINS,CACHAPOAL,6115,RENGO,63620,49691,13929,Urbana
LIBERTADOR GENERAL BERNARDO O'HIGGINS,CACHAPOAL,6116,REQUINOA,29508,17180,12328,Mixta
MAULE,LINARES,7405,RETIRO,22310,7889,14421,Rural
VALPARAISO,LOS ANDES,5303,RINCONADA,11855,9367,2488,Rural
LOS RIOS,RANCO,14204,RIO BUENO,33363,18231,15132,Mixta
MAULE,TALCA,7108,RIO CLARO,14276,4530,9746,Rural
COQUIMBO,LIMARI,4305,RIO HURTADO,4334,0,4334,Rural
AYSEN DEL GENERAL CARLOS IBAÑEZ DEL CAMPO,GENERAL CARRERA,11402,RIO IBAÑEZ,2723,0,2723,Rural
LOS LAGOS,OSORNO,10305,RIO NEGRO,13874,6879,6995,Rural
MAGALLANES Y DE LA ANTARTICA CHILENA,MAGALLANES,12103,RIO VERDE,102,0,102,Rural
MAULE,CURICO,7306,ROMERAL,17233,7409,9824,Mixta
LA ARAUCANIA,CAUTIN,9116,SAAVEDRA,12877,2823,10054,Rural
MAULE,CURICO,7307,SAGRADA FAMILIA,19427,8262,11165,Rural
COQUIMBO,CHOAPA,4204,SALAMANCA,27823,15930,11893,Rural
VALPARAISO,SAN ANTONIO,5601,SAN ANTONIO,96770,91705,5065,Urbana
METROPOLITANA DE SANTIAGO,MAIPO,13401,SAN BERNARDO,306371,301221,5150,Urbana
ÑUBLE,PUNILLA,16301,SAN CARLOS,55847,35032,20815,Mixta
MAULE,TALCA,7109,SAN CLEMENTE,47380,23724,23656,Mixta
VALPARAISO,LOS ANDES,5304,SAN ESTEBAN,20112,12130,7982,Mixta
ÑUBLE,PUNILLA,16304,SAN FABIAN,5245,2062,3183,Rural
VALPARAISO,SAN FELIPE DE ACONCAGUA,5701,SAN FELIPE,80413,72850,7563,Urbana
LIBERTADOR GENERAL BERNARDO O'HIGGINS,COLCHAGUA,6301,SAN FERNANDO,75585,65100,10485,Urbana
MAGALLANES Y DE LA ANTARTICA CHILENA,MAGALLANES,12104,SAN GREGORIO,241,0,241,Rural
ÑUBLE,DIGUILLIN,16108,SAN IGNACIO,17405,7363,10042,Rural
MAULE,LINARES,7406,SAN JAVIER,49559,35438,14121,Mixta
METROPOLITANA DE SANTIAGO,SANTIAGO,13129,SAN JOAQUIN,95602,95602,0,Urbana
METROPOLITANA DE SANTIAGO,CORDILLERA,13203,SAN JOSE DE MAIPO,17441,10747,6694,Rural
LOS LAGOS,OSORNO,10306,SAN JUAN DE LA COSTA,7776,1211,6565,Rural
METROPOLITANA DE SANTIAGO,SANTIAGO,13130,SAN MIGUEL,150829,150829,0,Urbana
ÑUBLE,PUNILLA,16305,SAN NICOLAS,15099,6359,8740,Rural
LOS LAGOS,OSORNO,10307,SAN PABLO,10883,5001,5882,Rural
METROPOLITANA DE SANTIAGO,MELIPILLA,13505,SAN PEDRO,11108,0,11108,Rural
ANTOFAGASTA,EL LOA,2203,SAN PEDRO DE ATACAMA,9843,4945,4898,Rural
BIOBIO,CONCEPCION,8108,SAN PEDRO DE LA PAZ,150992,150850,142,Urbana
MAULE,TALCA,7110,SAN RAFAEL,11230,6070,5160,Rural
METROPOLITANA DE SANTIAGO,SANTIAGO,13131,SAN RAMON,76002,76002,0,Urbana
BIOBIO,BIOBIO,8310,SAN ROSENDO,3575,3046,529,Rural
LIBERTADOR GENERAL BERNARDO O'HIGGINS,CACHAPOAL,6117,SAN VICENTE,49559,27774,21785,Mixta
BIOBIO,BIOBIO,8311,SANTA BARBARA,14075,8161,5914,Rural
LIBERTADOR GENERAL BERNARDO O'HIGGINS,COLCHAGUA,6310,SANTA CRUZ,41209,24846,16363,Mixta
BIOBIO,CONCEPCION,8109,SANTA JUANA,14947,10430,4517,Mixta
VALPARAISO,SAN FELIPE DE ACONCAGUA,5706,SANTA MARIA,15134,9719,5415,Mixta
METROPOLITANA DE SANTIAGO,SANTIAGO,13101,SANTIAGO,438856,438856,0,Urbana
VALPARAISO,SAN ANTONIO,5606,SANTO DOMINGO,13171,7511,5660,Rural
ANTOFAGASTA,ANTOFAGASTA,2103,SIERRA GORDA,1472,0,1472,Rural
METROPOLITANA DE SANTIAGO,TALAGANTE,13601,TALAGANTE,76429,60957,15472,Urbana
MAULE,TALCA,7101,TALCA,232131,222186,9945,Urbana
BIOBIO,CONCEPCION,8110,TALCAHUANO,147322,145935,1387,Urbana
ANTOFAGASTA,ANTOFAGASTA,2104,TALTAL,12097,10104,1993,Rural
LA ARAUCANIA,CAUTIN,9101,TEMUCO,292518,272579,19939,Urbana
MAULE,CURICO,7308,TENO,30113,9925,20188,Rural
LA ARAUCANIA,CAUTIN,9117,TEODORO SCHMIDT,15639,5616,10023,Rural
ATACAMA,COPIAPO,3103,TIERRA AMARILLA,11846,8395,3451,Rural
METROPOLITANA DE SANTIAGO,CHACABUCO,13303,TILTIL,19742,13361,6381,Rural
MAGALLANES Y DE LA ANTARTICA CHILENA,TIERRA DEL FUEGO,12303,TIMAUKEL,157,0,157,Rural
BIOBIO,ARAUCO,8207,TIRUA,10208,3663,6545,Rural
ANTOFAGASTA,TOCOPILLA,2301,TOCOPILLA,25400,24840,560,Rural
LA ARAUCANIA,CAUTIN,9118,TOLTEN,10041,3995,6046,Rural
BIOBIO,CONCEPCION,8111,TOME,56907,51308,5599,Urbana
MAGALLANES Y DE LA ANTARTICA CHILENA,ULTIMA ESPERANZA,12402,TORRES DEL PAINE,203,0,203,Rural
AYSEN DEL GENERAL CARLOS IBAÑEZ DEL CAMPO,CAPITAN PRAT,11303,TORTEL,505,0,505,Rural
LA ARAUCANIA,MALLECO,9210,TRAIGUEN,18873,14373,4500,Mixta
ÑUBLE,ITATA,16207,TREGUACO,6124,2011,4113,Rural
BIOBIO,BIOBIO,8312,TUCAPEL,15729,13228,2501,Rural
LOS RIOS,VALDIVIA,14101,VALDIVIA,170043,158408,11635,Urbana
ATACAMA,HUASCO,3301,VALLENAR,54222,48062,6160,Urbana
VALPARAISO,VALPARAISO,5101,VALPARAISO,284938,284230,708,Urbana
MAULE,CURICO,7309,VICHUQUEN,4716,1298,3418,Rural
LA ARAUCANIA,MALLECO,9211,VICTORIA,34464,25061,9403,Mixta
COQUIMBO,ELQUI,4106,VICUÑA,28047,17162,10885,Rural
LA ARAUCANIA,CAUTIN,9119,VILCUN,31575,17298,14277,Rural
MAULE,LINARES,7407,VILLA ALEGRE,17919,10689,7230,Mixta
VALPARAISO,MARGA MARGA,5804,VILLA ALEMANA,139571,138224,1347,Urbana
LA ARAUCANIA,CAUTIN,9120,VILLARRICA,67737,44541,23196,Mixta
VALPARAISO,VALPARAISO,5109,VIÑA DEL MAR,334871,334871,0,Urbana
METROPOLITANA DE SANTIAGO,SANTIAGO,13132,VITACURA,86420,86420,0,Urbana
MAULE,LINARES,7408,YERBAS BUENAS,20035,6856,13179,Rural
BIOBIO,BIOBIO,8313,YUMBEL,23170,13893,9277,Mixta
ÑUBLE,DIGUILLIN,16109,YUNGAY,18680,13971,4709,Rural
VALPARAISO,PETORCA,5405,ZAPALLAR,7980,5451,2529,Rural
